{"cameraMode":{"drawMode":0,"name":"Shaded","section":"Shading Mode"},"sceneLighting":false,"audioPlay":false,"sceneViewState":{"m_AlwaysRefresh":false,"showFog":true,"showSkybox":false,"showFlares":true,"showImageEffects":true,"showParticleSystems":true,"showVisualEffectGraphs":true,"m_FxEnabled":true},"in2DMode":false,"pivot":{"x":-2.809999942779541,"y":2.4687211513519289,"z":1.3061208724975587},"rotation":{"x":0.16309988498687745,"y":0.6479975581169128,"z":-0.15077827870845796,"w":0.7293617725372315},"size":3.8991119861602785,"orthographic":false}