{"cameraMode":{"drawMode":0,"name":"Shaded","section":"Shading Mode"},"sceneLighting":false,"audioPlay":false,"sceneViewState":{"m_AlwaysRefresh":false,"showFog":true,"showSkybox":false,"showFlares":true,"showImageEffects":true,"showParticleSystems":true,"showVisualEffectGraphs":true,"m_FxEnabled":true},"in2DMode":false,"pivot":{"x":0.9549999237060547,"y":0.7450000643730164,"z":-0.8149999380111694},"rotation":{"x":-0.3423391878604889,"y":0.04422833397984505,"z":-0.016135117039084436,"w":-0.938396692276001},"size":2.4526312351226808,"orthographic":false}