{"cameraMode":{"drawMode":0,"name":"Shaded","section":"Shading Mode"},"sceneLighting":false,"audioPlay":false,"sceneViewState":{"m_AlwaysRefresh":false,"showFog":true,"showSkybox":false,"showFlares":true,"showImageEffects":true,"showParticleSystems":true,"showVisualEffectGraphs":true,"m_FxEnabled":true},"in2DMode":false,"pivot":{"x":11.859999656677246,"y":0.6518632769584656,"z":0.44485175609588625},"rotation":{"x":0.23749007284641267,"y":-0.61435467004776,"z":0.19305923581123353,"w":0.7281229496002197},"size":1.6909393072128297,"orthographic":false}