{"cameraMode":{"drawMode":0,"name":"Shaded","section":"Shading Mode"},"sceneLighting":false,"audioPlay":false,"sceneViewState":{"m_AlwaysRefresh":false,"showFog":true,"showSkybox":false,"showFlares":true,"showImageEffects":true,"showParticleSystems":true,"showVisualEffectGraphs":true,"m_FxEnabled":true},"in2DMode":false,"pivot":{"x":11.859999656677246,"y":0.6518632769584656,"z":0.44485175609588625},"rotation":{"x":0.1294092833995819,"y":-0.17699193954467774,"z":0.017827274277806283,"w":0.9761546850204468},"size":2.8909389972686769,"orthographic":false}