{"cameraMode":{"drawMode":0,"name":"Shaded","section":"Shading Mode"},"sceneLighting":false,"audioPlay":false,"sceneViewState":{"m_AlwaysRefresh":false,"showFog":true,"showSkybox":false,"showFlares":true,"showImageEffects":true,"showParticleSystems":true,"showVisualEffectGraphs":true,"m_FxEnabled":true},"in2DMode":false,"pivot":{"x":-0.0790262222290039,"y":5.548990249633789,"z":-2.1646032333374025},"rotation":{"x":-0.012591136619448662,"y":0.9556893110275269,"z":-0.29124727845191958,"w":-0.04130934178829193},"size":18.74679183959961,"orthographic":false}