{"cameraMode":{"drawMode":0,"name":"Shaded","section":"Shading Mode"},"sceneLighting":false,"audioPlay":false,"sceneViewState":{"m_AlwaysRefresh":false,"showFog":true,"showSkybox":false,"showFlares":true,"showImageEffects":true,"showParticleSystems":true,"showVisualEffectGraphs":true,"m_FxEnabled":true},"in2DMode":false,"pivot":{"x":-1.862645149230957e-9,"y":1.2941700220108033,"z":-2.3096799850463868e-7},"rotation":{"x":0.006523695774376392,"y":0.9853620529174805,"z":-0.0387544184923172,"w":0.16590078175067902},"size":0.9826032519340515,"orthographic":false}