{"cameraMode":{"drawMode":0,"name":"Shaded","section":"Shading Mode"},"sceneLighting":false,"audioPlay":false,"sceneViewState":{"m_AlwaysRefresh":false,"showFog":true,"showSkybox":false,"showFlares":true,"showImageEffects":true,"showParticleSystems":true,"showVisualEffectGraphs":true,"m_FxEnabled":true},"in2DMode":false,"pivot":{"x":-0.00008702278137207031,"y":-0.000049233436584472656,"z":1.4672915935516358},"rotation":{"x":-0.29448023438453677,"y":0.09070438146591187,"z":-0.028088172897696496,"w":-0.9509308934211731},"size":3.5169944763183595,"orthographic":false}