{"cameraMode":{"drawMode":0,"name":"Shaded","section":"Shading Mode"},"sceneLighting":false,"audioPlay":false,"sceneViewState":{"m_AlwaysRefresh":false,"showFog":true,"showSkybox":false,"showFlares":true,"showImageEffects":true,"showParticleSystems":true,"showVisualEffectGraphs":true,"m_FxEnabled":true},"in2DMode":false,"pivot":{"x":0.6547269821166992,"y":3.753000259399414,"z":-11.424015045166016},"rotation":{"x":-0.34652504324913027,"y":0.04971175268292427,"z":-0.01856597326695919,"w":-0.9367902278900147},"size":18.186532974243165,"orthographic":false}