{"cameraMode":{"drawMode":0,"name":"Shaded","section":"Shading Mode"},"sceneLighting":false,"audioPlay":false,"sceneViewState":{"m_AlwaysRefresh":false,"showFog":true,"showSkybox":false,"showFlares":true,"showImageEffects":true,"showParticleSystems":true,"showVisualEffectGraphs":true,"m_FxEnabled":true},"in2DMode":false,"pivot":{"x":67.9000015258789,"y":1.5917378664016724,"z":1.760000228881836},"rotation":{"x":-0.02996578812599182,"y":0.04646321386098862,"z":0.0013775099068880082,"w":0.9984928369522095},"size":7.4154767990112309,"orthographic":false}