{"cameraMode":{"drawMode":0,"name":"Shaded","section":"Shading Mode"},"sceneLighting":false,"audioPlay":false,"sceneViewState":{"m_AlwaysRefresh":false,"showFog":true,"showSkybox":false,"showFlares":true,"showImageEffects":true,"showParticleSystems":true,"showVisualEffectGraphs":true,"m_FxEnabled":true},"in2DMode":false,"pivot":{"x":1.5266519784927369,"y":6.166625022888184,"z":2.49979567527771},"rotation":{"x":0.00046820155694149435,"y":0.9952250123023987,"z":-0.004787065554410219,"w":0.09764616191387177},"size":15.190177917480469,"orthographic":false}