{"cameraMode":{"drawMode":0,"name":"Shaded","section":"Shading Mode"},"sceneLighting":false,"audioPlay":false,"sceneViewState":{"m_AlwaysRefresh":false,"showFog":true,"showSkybox":false,"showFlares":true,"showImageEffects":true,"showParticleSystems":true,"showVisualEffectGraphs":true,"m_FxEnabled":true},"in2DMode":false,"pivot":{"x":0.2338237762451172,"y":1.4874000549316407,"z":-9.930450439453125},"rotation":{"x":0.5089883804321289,"y":0.08620031177997589,"z":-0.05134310945868492,"w":0.8549329042434692},"size":18.186532974243165,"orthographic":false}