{"cameraMode":{"drawMode":0,"name":"Shaded","section":"Shading Mode"},"sceneLighting":false,"audioPlay":false,"sceneViewState":{"m_AlwaysRefresh":false,"showFog":true,"showSkybox":false,"showFlares":true,"showImageEffects":true,"showParticleSystems":true,"showVisualEffectGraphs":true,"m_FxEnabled":true},"in2DMode":false,"pivot":{"x":-78.05999755859375,"y":0.4000000059604645,"z":-2.0199999809265138},"rotation":{"x":0.21191072463989259,"y":0.21491944789886475,"z":-0.04795427620410919,"w":0.9522315263748169},"size":10.81015396118164,"orthographic":false}