{"cameraMode":{"drawMode":0,"name":"Shaded","section":"Shading Mode"},"sceneLighting":false,"audioPlay":false,"sceneViewState":{"m_AlwaysRefresh":false,"showFog":true,"showSkybox":false,"showFlares":true,"showImageEffects":true,"showParticleSystems":true,"showVisualEffectGraphs":true,"m_FxEnabled":true},"in2DMode":false,"pivot":{"x":0.24861878156661988,"y":0.6708240509033203,"z":-11.379295349121094},"rotation":{"x":0.17255741357803346,"y":0.08328469842672348,"z":-0.01877565309405327,"w":0.9818974733352661},"size":3.0319695472717287,"orthographic":false}