{"cameraMode":{"drawMode":0,"name":"Shaded","section":"Shading Mode"},"sceneLighting":false,"audioPlay":false,"sceneViewState":{"m_AlwaysRefresh":false,"showFog":true,"showSkybox":false,"showFlares":true,"showImageEffects":true,"showParticleSystems":true,"showVisualEffectGraphs":true,"m_FxEnabled":true},"in2DMode":false,"pivot":{"x":-0.18326091766357423,"y":-11.179264068603516,"z":1.0208663940429688},"rotation":{"x":-0.012591136619448662,"y":0.9556893110275269,"z":-0.29124727845191958,"w":-0.04130934178829193},"size":36.40680694580078,"orthographic":false}