{"cameraMode":{"drawMode":0,"name":"Shaded","section":"Shading Mode"},"sceneLighting":false,"audioPlay":false,"sceneViewState":{"m_AlwaysRefresh":false,"showFog":true,"showSkybox":false,"showFlares":true,"showImageEffects":true,"showParticleSystems":true,"showVisualEffectGraphs":true,"m_FxEnabled":true},"in2DMode":false,"pivot":{"x":-0.34119391441345217,"y":0.9806785583496094,"z":0.4831857681274414},"rotation":{"x":0.019498582929372789,"y":-0.022493740543723108,"z":0.0002824387338478118,"w":0.9996426105499268},"size":6.343854904174805,"orthographic":false}