{"cameraMode":{"drawMode":0,"name":"Shaded","section":"Shading Mode"},"sceneLighting":false,"audioPlay":false,"sceneViewState":{"m_AlwaysRefresh":false,"showFog":true,"showSkybox":false,"showFlares":true,"showImageEffects":true,"showParticleSystems":true,"showVisualEffectGraphs":true,"m_FxEnabled":true},"in2DMode":false,"pivot":{"x":8.72353744506836,"y":1.3096202611923218,"z":0.2998387813568115},"rotation":{"x":0.18394623696804048,"y":-0.036540962755680087,"z":0.0013060144847258926,"w":0.9829024076461792},"size":5.404685974121094,"orthographic":false}