{"cameraMode":{"drawMode":0,"name":"Shaded","section":"Shading Mode"},"sceneLighting":true,"audioPlay":false,"sceneViewState":{"m_AlwaysRefresh":false,"showFog":true,"showSkybox":true,"showFlares":true,"showImageEffects":true,"showParticleSystems":true,"showVisualEffectGraphs":true,"m_FxEnabled":true},"in2DMode":false,"pivot":{"x":-0.2606678009033203,"y":2.9141039848327638,"z":-0.8430838584899902},"rotation":{"x":-0.14647223055362702,"y":-0.005348266568034887,"z":0.0007911395514383912,"w":-0.9892241954803467},"size":6.13382625579834,"orthographic":false}