{"cameraMode":{"drawMode":0,"name":"Shaded","section":"Shading Mode"},"sceneLighting":true,"audioPlay":false,"sceneViewState":{"m_AlwaysRefresh":false,"showFog":true,"showSkybox":true,"showFlares":true,"showImageEffects":true,"showParticleSystems":true,"showVisualEffectGraphs":true,"m_FxEnabled":true},"in2DMode":false,"pivot":{"x":3.8913657665252687,"y":-0.37577056884765627,"z":5.32865047454834},"rotation":{"x":0.2178690880537033,"y":-0.08624781668186188,"z":0.019325153902173044,"w":0.9719963669776917},"size":9.844871520996094,"orthographic":false}