{"cameraMode":{"drawMode":0,"name":"Shaded","section":"Shading Mode"},"sceneLighting":true,"audioPlay":false,"sceneViewState":{"m_AlwaysRefresh":false,"showFog":true,"showSkybox":true,"showFlares":true,"showImageEffects":true,"showParticleSystems":true,"showVisualEffectGraphs":true,"m_FxEnabled":true},"in2DMode":false,"pivot":{"x":3.675436019897461,"y":8.696246147155762,"z":-9.385798454284668},"rotation":{"x":0.5670866966247559,"y":0.009871783666312695,"z":-0.006821252405643463,"w":0.8235975503921509},"size":42.75982666015625,"orthographic":false}