{"cameraMode":{"drawMode":0,"name":"Shaded","section":"Shading Mode"},"sceneLighting":true,"audioPlay":false,"sceneViewState":{"m_AlwaysRefresh":false,"showFog":true,"showSkybox":false,"showFlares":true,"showImageEffects":true,"showParticleSystems":true,"showVisualEffectGraphs":true,"m_FxEnabled":true},"in2DMode":false,"pivot":{"x":-1.9845008850097657,"y":5.290500640869141,"z":-0.22050094604492188},"rotation":{"x":0.37219569087028506,"y":-0.021802347153425218,"z":0.007833683863282204,"w":0.9282839894294739},"size":18.186532974243165,"orthographic":false}