{"cameraMode":{"drawMode":0,"name":"Shaded","section":"Shading Mode"},"sceneLighting":true,"audioPlay":false,"sceneViewState":{"m_AlwaysRefresh":false,"showFog":true,"showSkybox":false,"showFlares":true,"showImageEffects":true,"showParticleSystems":true,"showVisualEffectGraphs":true,"m_FxEnabled":true},"in2DMode":false,"pivot":{"x":-1.9845008850097657,"y":5.290500640869141,"z":-0.22050094604492188},"rotation":{"x":-0.04769120365381241,"y":-0.003600550116971135,"z":-0.0010339933214709163,"w":0.9992443919181824},"size":8.705702781677246,"orthographic":false}