{"cameraMode":{"drawMode":0,"name":"Shaded","section":"Shading Mode"},"sceneLighting":true,"audioPlay":false,"sceneViewState":{"m_AlwaysRefresh":false,"showFog":true,"showSkybox":false,"showFlares":true,"showImageEffects":true,"showParticleSystems":true,"showVisualEffectGraphs":true,"m_FxEnabled":true},"in2DMode":false,"pivot":{"x":-12.914714813232422,"y":2.8631343841552736,"z":-0.47684070467948916},"rotation":{"x":0.17255741357803346,"y":0.08328469842672348,"z":-0.01877565309405327,"w":0.9818974733352661},"size":6.063500881195068,"orthographic":false}