{"cameraMode":{"drawMode":0,"name":"Shaded","section":"Shading Mode"},"sceneLighting":false,"audioPlay":false,"sceneViewState":{"m_AlwaysRefresh":false,"showFog":true,"showSkybox":false,"showFlares":true,"showImageEffects":true,"showParticleSystems":true,"showVisualEffectGraphs":true,"m_FxEnabled":true},"in2DMode":false,"pivot":{"x":1.962999939918518,"y":1.8610000610351563,"z":-10.032999992370606},"rotation":{"x":0.17255741357803346,"y":0.08328469842672348,"z":-0.01877565309405327,"w":0.9818974733352661},"size":8.487049102783204,"orthographic":false}