{"cameraMode":{"drawMode":0,"name":"Shaded","section":"Shading Mode"},"sceneLighting":false,"audioPlay":false,"sceneViewState":{"m_AlwaysRefresh":false,"showFog":true,"showSkybox":false,"showFlares":true,"showImageEffects":true,"showParticleSystems":true,"showVisualEffectGraphs":true,"m_FxEnabled":true},"in2DMode":false,"pivot":{"x":53.4858512878418,"y":-11.886296272277832,"z":20.643892288208009},"rotation":{"x":0.37470993399620058,"y":-0.11086713522672653,"z":0.045168954879045489,"w":0.919413149356842},"size":47.694889068603519,"orthographic":false}